{"cameraMode":{"drawMode":0,"name":"Shaded","section":"Shading Mode"},"sceneLighting":false,"audioPlay":false,"sceneViewState":{"m_AlwaysRefresh":false,"showFog":true,"showSkybox":false,"showFlares":true,"showImageEffects":true,"showParticleSystems":true,"showVisualEffectGraphs":true,"m_FxEnabled":true},"in2DMode":false,"pivot":{"x":0.8136501908302307,"y":1.0452008247375489,"z":0.8390800356864929},"rotation":{"x":0.08449683338403702,"y":-0.7127517461776733,"z":0.08732642978429795,"w":0.6908563375473023},"size":0.3866024613380432,"orthographic":false}