{"cameraMode":{"drawMode":0,"name":"Shaded","section":"Shading Mode"},"sceneLighting":false,"audioPlay":false,"sceneViewState":{"m_AlwaysRefresh":false,"showFog":true,"showSkybox":false,"showFlares":true,"showImageEffects":true,"showParticleSystems":true,"showVisualEffectGraphs":true,"m_FxEnabled":true},"in2DMode":false,"pivot":{"x":-13.821452140808106,"y":1.8940083980560303,"z":-17.840534210205079},"rotation":{"x":0.30959662795066836,"y":0.4037753939628601,"z":-0.1470312923192978,"w":0.8482850790023804},"size":1.2526276111602784,"orthographic":false}