{"cameraMode":{"drawMode":0,"name":"Shaded","section":"Shading Mode"},"sceneLighting":false,"audioPlay":false,"sceneViewState":{"m_AlwaysRefresh":false,"showFog":true,"showSkybox":false,"showFlares":true,"showImageEffects":true,"showParticleSystems":true,"showVisualEffectGraphs":true,"m_FxEnabled":true},"in2DMode":false,"pivot":{"x":-0.2373528629541397,"y":-0.8972034454345703,"z":-12.953617095947266},"rotation":{"x":0.003993936348706484,"y":0.9932048320770264,"z":-0.11101466417312622,"w":0.03608081862330437},"size":4.466025352478027,"orthographic":false}