{"cameraMode":{"drawMode":0,"name":"Shaded","section":"Shading Mode"},"sceneLighting":false,"audioPlay":false,"sceneViewState":{"m_AlwaysRefresh":false,"showFog":true,"showSkybox":false,"showFlares":true,"showImageEffects":true,"showParticleSystems":true,"showVisualEffectGraphs":true,"m_FxEnabled":true},"in2DMode":false,"pivot":{"x":-0.007112029939889908,"y":0.973173975944519,"z":0.27272236347198489},"rotation":{"x":-0.13207393884658814,"y":-0.7100902795791626,"z":0.13815836608409882,"w":-0.6777133941650391},"size":0.6913724541664124,"orthographic":false}