{"cameraMode":{"drawMode":0,"name":"Shaded","section":"Shading Mode"},"sceneLighting":true,"audioPlay":false,"sceneViewState":{"m_AlwaysRefresh":false,"showFog":true,"showSkybox":true,"showFlares":true,"showImageEffects":true,"showParticleSystems":true,"showVisualEffectGraphs":true,"m_FxEnabled":true},"in2DMode":false,"pivot":{"x":453.5559387207031,"y":-318.55572509765627,"z":2.9354233741760256},"rotation":{"x":0.16225242614746095,"y":0.6876568794250488,"z":-0.16196252405643464,"w":0.6888998746871948},"size":390.29473876953127,"orthographic":false}