{"cameraMode":{"drawMode":0,"name":"Shaded","section":"Shading Mode"},"sceneLighting":true,"audioPlay":false,"sceneViewState":{"m_AlwaysRefresh":false,"showFog":true,"showSkybox":true,"showFlares":true,"showImageEffects":true,"showParticleSystems":true,"showVisualEffectGraphs":true,"m_FxEnabled":true},"in2DMode":false,"pivot":{"x":-14.80337905883789,"y":2.6465256214141847,"z":-31.792051315307618},"rotation":{"x":0.21652105450630189,"y":0.1472611427307129,"z":-0.03303636237978935,"w":0.9645733833312988},"size":1.2247449159622193,"orthographic":false}